{
  "best_epoch": 1,
  "best_val_loss": 0.37590480953578975,
  "test": {
    "loss": 0.4615590786697587,
    "event_loss": 0.3330617625325977,
    "count_loss": 0.8566487385319033,
    "count_mae": 0.47807332700164495
  },
  "meta": {
    "selected_participants": [
      "P01",
      "P02",
      "P03",
      "P04",
      "P05",
      "P06",
      "P07",
      "P08",
      "P09",
      "P10",
      "P11",
      "P12",
      "P13",
      "P14",
      "P15",
      "P16",
      "P17",
      "P18",
      "P19",
      "P20",
      "P21",
      "P22",
      "P23",
      "P24",
      "P25",
      "P26",
      "P27",
      "P28",
      "P29",
      "P30",
      "P31",
      "P32",
      "P33",
      "P34",
      "P35",
      "P36",
      "P37",
      "P38",
      "P39"
    ],
    "split_participants": {
      "train": [
        "P35",
        "P34",
        "P13",
        "P24",
        "P07",
        "P11",
        "P39",
        "P23",
        "P31",
        "P04",
        "P18",
        "P02",
        "P01",
        "P06",
        "P27",
        "P08",
        "P38",
        "P20",
        "P12",
        "P33",
        "P28",
        "P14",
        "P32"
      ],
      "val": [
        "P03",
        "P10",
        "P36",
        "P16",
        "P26",
        "P21",
        "P37",
        "P25"
      ],
      "test": [
        "P29",
        "P09",
        "P30",
        "P22",
        "P19",
        "P15",
        "P05",
        "P17"
      ]
    },
    "split_files": {
      "train": [
        "testdata/OxWalk_Dec2022/Hip_100Hz/P35_hip100.csv",
        "testdata/OxWalk_Dec2022/Hip_25Hz/P35_hip25.csv",
        "testdata/OxWalk_Dec2022/Wrist_100Hz/P35_wrist100.csv",
        "testdata/OxWalk_Dec2022/Wrist_25Hz/P35_wrist25.csv",
        "testdata/OxWalk_Dec2022/Hip_100Hz/P34_hip100.csv",
        "testdata/OxWalk_Dec2022/Hip_25Hz/P34_hip25.csv",
        "testdata/OxWalk_Dec2022/Wrist_100Hz/P34_wrist100.csv",
        "testdata/OxWalk_Dec2022/Wrist_25Hz/P34_wrist25.csv",
        "testdata/OxWalk_Dec2022/Hip_100Hz/P13_hip100.csv",
        "testdata/OxWalk_Dec2022/Hip_25Hz/P13_hip25.csv",
        "testdata/OxWalk_Dec2022/Wrist_100Hz/P13_wrist100.csv",
        "testdata/OxWalk_Dec2022/Wrist_25Hz/P13_wrist25.csv",
        "testdata/OxWalk_Dec2022/Hip_100Hz/P24_hip100.csv",
        "testdata/OxWalk_Dec2022/Hip_25Hz/P24_hip25.csv",
        "testdata/OxWalk_Dec2022/Wrist_100Hz/P24_wrist100.csv",
        "testdata/OxWalk_Dec2022/Wrist_25Hz/P24_wrist25.csv",
        "testdata/OxWalk_Dec2022/Hip_100Hz/P07_hip100.csv",
        "testdata/OxWalk_Dec2022/Hip_25Hz/P07_hip25.csv",
        "testdata/OxWalk_Dec2022/Wrist_100Hz/P07_wrist100.csv",
        "testdata/OxWalk_Dec2022/Wrist_25Hz/P07_wrist25.csv",
        "testdata/OxWalk_Dec2022/Hip_100Hz/P11_hip100.csv",
        "testdata/OxWalk_Dec2022/Hip_25Hz/P11_hip25.csv",
        "testdata/OxWalk_Dec2022/Wrist_100Hz/P11_wrist100.csv",
        "testdata/OxWalk_Dec2022/Wrist_25Hz/P11_wrist25.csv",
        "testdata/OxWalk_Dec2022/Hip_100Hz/P39_hip100.csv",
        "testdata/OxWalk_Dec2022/Hip_25Hz/P39_hip25.csv",
        "testdata/OxWalk_Dec2022/Wrist_100Hz/P39_wrist100.csv",
        "testdata/OxWalk_Dec2022/Wrist_25Hz/P39_wrist25.csv",
        "testdata/OxWalk_Dec2022/Hip_100Hz/P23_hip100.csv",
        "testdata/OxWalk_Dec2022/Hip_25Hz/P23_hip25.csv",
        "testdata/OxWalk_Dec2022/Wrist_100Hz/P23_wrist100.csv",
        "testdata/OxWalk_Dec2022/Wrist_25Hz/P23_wrist25.csv",
        "testdata/OxWalk_Dec2022/Hip_100Hz/P31_hip100.csv",
        "testdata/OxWalk_Dec2022/Hip_25Hz/P31_hip25.csv",
        "testdata/OxWalk_Dec2022/Wrist_100Hz/P31_wrist100.csv",
        "testdata/OxWalk_Dec2022/Wrist_25Hz/P31_wrist25.csv",
        "testdata/OxWalk_Dec2022/Hip_100Hz/P04_hip100.csv",
        "testdata/OxWalk_Dec2022/Hip_25Hz/P04_hip25.csv",
        "testdata/OxWalk_Dec2022/Wrist_100Hz/P04_wrist100.csv",
        "testdata/OxWalk_Dec2022/Wrist_25Hz/P04_wrist25.csv",
        "testdata/OxWalk_Dec2022/Hip_100Hz/P18_hip100.csv",
        "testdata/OxWalk_Dec2022/Hip_25Hz/P18_hip25.csv",
        "testdata/OxWalk_Dec2022/Wrist_100Hz/P18_wrist100.csv",
        "testdata/OxWalk_Dec2022/Wrist_25Hz/P18_wrist25.csv",
        "testdata/OxWalk_Dec2022/Hip_100Hz/P02_hip100.csv",
        "testdata/OxWalk_Dec2022/Hip_25Hz/P02_hip25.csv",
        "testdata/OxWalk_Dec2022/Wrist_100Hz/P02_wrist100.csv",
        "testdata/OxWalk_Dec2022/Wrist_25Hz/P02_wrist25.csv",
        "testdata/OxWalk_Dec2022/Hip_100Hz/P01_hip100.csv",
        "testdata/OxWalk_Dec2022/Hip_25Hz/P01_hip25.csv",
        "testdata/OxWalk_Dec2022/Wrist_100Hz/P01_wrist100.csv",
        "testdata/OxWalk_Dec2022/Wrist_25Hz/P01_wrist25.csv",
        "testdata/OxWalk_Dec2022/Hip_100Hz/P06_hip100.csv",
        "testdata/OxWalk_Dec2022/Hip_25Hz/P06_hip25.csv",
        "testdata/OxWalk_Dec2022/Wrist_100Hz/P06_wrist100.csv",
        "testdata/OxWalk_Dec2022/Wrist_25Hz/P06_wrist25.csv",
        "testdata/OxWalk_Dec2022/Hip_100Hz/P27_hip100.csv",
        "testdata/OxWalk_Dec2022/Hip_25Hz/P27_hip25.csv",
        "testdata/OxWalk_Dec2022/Wrist_100Hz/P27_wrist100.csv",
        "testdata/OxWalk_Dec2022/Wrist_25Hz/P27_wrist25.csv",
        "testdata/OxWalk_Dec2022/Hip_100Hz/P08_hip100.csv",
        "testdata/OxWalk_Dec2022/Hip_25Hz/P08_hip25.csv",
        "testdata/OxWalk_Dec2022/Wrist_100Hz/P08_wrist100.csv",
        "testdata/OxWalk_Dec2022/Wrist_25Hz/P08_wrist25.csv",
        "testdata/OxWalk_Dec2022/Hip_100Hz/P38_hip100.csv",
        "testdata/OxWalk_Dec2022/Hip_25Hz/P38_hip25.csv",
        "testdata/OxWalk_Dec2022/Wrist_100Hz/P38_wrist100.csv",
        "testdata/OxWalk_Dec2022/Wrist_25Hz/P38_wrist25.csv",
        "testdata/OxWalk_Dec2022/Hip_100Hz/P20_hip100.csv",
        "testdata/OxWalk_Dec2022/Hip_25Hz/P20_hip25.csv",
        "testdata/OxWalk_Dec2022/Wrist_100Hz/P20_wrist100.csv",
        "testdata/OxWalk_Dec2022/Wrist_25Hz/P20_wrist25.csv",
        "testdata/OxWalk_Dec2022/Hip_100Hz/P12_hip100.csv",
        "testdata/OxWalk_Dec2022/Hip_25Hz/P12_hip25.csv",
        "testdata/OxWalk_Dec2022/Wrist_100Hz/P12_wrist100.csv",
        "testdata/OxWalk_Dec2022/Wrist_25Hz/P12_wrist25.csv",
        "testdata/OxWalk_Dec2022/Hip_100Hz/P33_hip100.csv",
        "testdata/OxWalk_Dec2022/Hip_25Hz/P33_hip25.csv",
        "testdata/OxWalk_Dec2022/Wrist_100Hz/P33_wrist100.csv",
        "testdata/OxWalk_Dec2022/Wrist_25Hz/P33_wrist25.csv",
        "testdata/OxWalk_Dec2022/Hip_100Hz/P28_hip100.csv",
        "testdata/OxWalk_Dec2022/Hip_25Hz/P28_hip25.csv",
        "testdata/OxWalk_Dec2022/Wrist_100Hz/P28_wrist100.csv",
        "testdata/OxWalk_Dec2022/Wrist_25Hz/P28_wrist25.csv",
        "testdata/OxWalk_Dec2022/Hip_100Hz/P14_hip100.csv",
        "testdata/OxWalk_Dec2022/Hip_25Hz/P14_hip25.csv",
        "testdata/OxWalk_Dec2022/Wrist_100Hz/P14_wrist100.csv",
        "testdata/OxWalk_Dec2022/Wrist_25Hz/P14_wrist25.csv",
        "testdata/OxWalk_Dec2022/Hip_100Hz/P32_hip100.csv",
        "testdata/OxWalk_Dec2022/Hip_25Hz/P32_hip25.csv",
        "testdata/OxWalk_Dec2022/Wrist_100Hz/P32_wrist100.csv",
        "testdata/OxWalk_Dec2022/Wrist_25Hz/P32_wrist25.csv"
      ],